,ID,Arbeitsgang Bezeichnung,encoded_labels
0,1160035_10,"['<start>', 'Sägen', 'Fräsen', 'Härten/Oberfläche', 'Flachschleifen', 'Koordinatenschleifen', 'HSC-Fräsen', 'Messen', 'Laserbeschriftung', '<end>']","[0, 2, 3, 4, 5, 6, 7, 8, 9, 1]"
1,1160076_10,"['<start>', 'Sägen', 'Drehen', 'Fräsen', 'Härten/Oberfläche', 'Drehen', 'Flachschleifen', 'Rundschleifen', 'Drahterodieren', 'Messen', 'Laserbeschriftung', '<end>']","[0, 2, 10, 3, 4, 10, 5, 11, 12, 8, 9, 1]"
2,1160117_10,"['<start>', 'Rundschleifen', 'Drahterodieren', 'Polieren', 'Drahterodieren', 'Messen', 'Laserbeschriftung', '<end>']","[0, 11, 12, 13, 12, 8, 9, 1]"
3,1160144_10,"['<start>', 'Sägen', 'Drehen', 'Fräsen', 'Härten/Oberfläche', 'Drehen', 'Flachschleifen', 'Rundschleifen', 'Koordinatenschleifen', 'Senkerodieren', 'Messen', 'Laserbeschriftung', '<end>']","[0, 2, 10, 3, 4, 10, 5, 11, 6, 14, 8, 9, 1]"
4,1160168_10,"['<start>', 'Drehen', 'Flachschleifen', 'Rundschleifen', 'Flachschleifen', 'Koordinatenschleifen', 'Polieren', 'Drahterodieren', 'Messen', 'Laserbeschriftung', '<end>']","[0, 10, 5, 11, 5, 6, 13, 12, 8, 9, 1]"
5,1160168_11,"['<start>', 'Drehen', 'Fräsen', 'Härten/Oberfläche', '<end>']","[0, 10, 3, 4, 1]"
6,1160168_12,"['<start>', 'Flachschleifen', 'Rundschleifen', '<end>']","[0, 5, 11, 1]"
7,1160314_10,"['<start>', 'Flachschleifen', 'Fremdvergabe', 'Rundschleifen', 'Polieren', 'Koordinatenschleifen', 'Drahterodieren', 'Messen', 'Laserbeschriftung', '<end>']","[0, 5, 15, 11, 13, 6, 12, 8, 9, 1]"
8,1160376_10,"['<start>', 'Drehen', 'Fräsen', 'Härten/Oberfläche', 'Flachschleifen', 'Rundschleifen', 'Koordinatenschleifen', 'Messen', 'Laserbeschriftung', '<end>']","[0, 10, 3, 4, 5, 11, 6, 8, 9, 1]"
9,1160382_10,"['<start>', 'Fräsen', 'Flachschleifen', 'Messen', 'Härten/Oberfläche', 'Koordinatenschleifen', 'Messen', 'Laserbeschriftung', '<end>']","[0, 3, 5, 8, 4, 6, 8, 9, 1]"
10,1160385_10,"['<start>', 'Sägen', 'Drehen', 'Härten/Oberfläche', 'Rundschleifen', 'Messen', '<end>']","[0, 2, 10, 4, 11, 8, 1]"
11,1160394_10,"['<start>', 'Flachschleifen', 'Koordinatenschleifen', 'Messen', 'Härten/Oberfläche', 'Messen', '<end>']","[0, 5, 6, 8, 4, 8, 1]"
12,1160418_10,"['<start>', 'Drehen', 'Fräsen', 'Härten/Oberfläche', 'Flachschleifen', 'Koordinatenschleifen', 'Messen', 'Laserbeschriftung', '<end>']","[0, 10, 3, 4, 5, 6, 8, 9, 1]"
13,1160418_20,"['<start>', 'Sägen', 'Drehen', 'Fräsen', 'Härten/Oberfläche', 'Flachschleifen', 'Rundschleifen', 'Drahterodieren', 'Messen', 'Laserbeschriftung', '<end>']","[0, 2, 10, 3, 4, 5, 11, 12, 8, 9, 1]"
14,1160418_30,"['<start>', 'Sägen', 'Fräsen', 'Härten/Oberfläche', 'Laserbeschriftung', '<end>']","[0, 2, 3, 4, 9, 1]"
15,1160427_10,"['<start>', 'Sägen', 'Fremdvergabe', 'Fräsen', 'Härten/Oberfläche', 'Flachschleifen', 'Koordinatenschleifen', 'Messen', 'Laserbeschriftung', '<end>']","[0, 2, 15, 3, 4, 5, 6, 8, 9, 1]"
16,1160442_10,"['<start>', 'Sägen', 'Drehen', 'Fräsen', 'Härten/Oberfläche', 'Flachschleifen', 'Rundschleifen', 'Koordinatenschleifen', 'Drahterodieren', 'Drehen', 'HSC-Fräsen', 'Polieren', 'Messen', 'Laserbeschriftung', '<end>']","[0, 2, 10, 3, 4, 5, 11, 6, 12, 10, 7, 13, 8, 9, 1]"
17,1160494_10,"['<start>', 'Drehen', 'Fräsen', 'Härten/Oberfläche', 'Flachschleifen', 'Rundschleifen', 'Drahterodieren', 'Messen', '<end>']","[0, 10, 3, 4, 5, 11, 12, 8, 1]"
18,1160495_10,"['<start>', 'Sägen', 'Fräsen', 'Flachschleifen', 'Messen', 'Härten/Oberfläche', 'Messen', 'Laserbeschriftung', '<end>']","[0, 2, 3, 5, 8, 4, 8, 9, 1]"
19,1160495_20,"['<start>', 'Sägen', 'Fräsen', 'Flachschleifen', 'Fräsen', 'Messen', 'Härten/Oberfläche', 'Messen', 'Laserbeschriftung', '<end>']","[0, 2, 3, 5, 3, 8, 4, 8, 9, 1]"
20,1160510_10,"['<start>', 'Drehen', 'Fräsen', 'Härten/Oberfläche', 'Flachschleifen', 'Koordinatenschleifen', 'Drahterodieren', 'Messen', 'Laserbeschriftung', '<end>']","[0, 10, 3, 4, 5, 6, 12, 8, 9, 1]"
21,1160518_10,"['<start>', 'Sägen', 'Drehen', 'Fräsen', '<end>']","[0, 2, 10, 3, 1]"
22,1160518_20,"['<start>', 'Sägen', 'Drehen', 'Fräsen', 'Härten/Oberfläche', 'Flachschleifen', 'Drahterodieren', 'Messen', 'Laserbeschriftung', '<end>']","[0, 2, 10, 3, 4, 5, 12, 8, 9, 1]"
23,1160518_30,"['<start>', 'Sägen', 'Drehen', 'Fräsen', 'Härten/Oberfläche', 'Drehen', 'Flachschleifen', 'Drahterodieren', 'Messen', 'Laserbeschriftung', '<end>']","[0, 2, 10, 3, 4, 10, 5, 12, 8, 9, 1]"
24,1160518_40,"['<start>', 'Sägen', 'Drehen', 'Fräsen', 'Härten/Oberfläche', 'Flachschleifen', 'Messen', 'Laserbeschriftung', '<end>']","[0, 2, 10, 3, 4, 5, 8, 9, 1]"
25,1160552_10,"['<start>', 'Drehen', 'Fräsen', 'Härten/Oberfläche', 'Drehen', 'Rundschleifen', 'Flachschleifen', 'Koordinatenschleifen', 'Messen', 'Härten/Oberfläche', 'Messen', 'Laserbeschriftung', '<end>']","[0, 10, 3, 4, 10, 11, 5, 6, 8, 4, 8, 9, 1]"
26,1160563_10,"['<start>', 'Sägen', 'Drehen', 'Fräsen', 'Härten/Oberfläche', 'Flachschleifen', 'Rundschleifen', 'Messen', 'Härten/Oberfläche', 'Messen', 'Laserbeschriftung', '<end>']","[0, 2, 10, 3, 4, 5, 11, 8, 4, 8, 9, 1]"
27,1160572_10,"['<start>', 'Sägen', 'Drehen', 'Fräsen', 'Härten/Oberfläche', 'Drehen', 'Flachschleifen', 'Rundschleifen', 'Drahterodieren', 'Senkerodieren', 'Messen', 'Laserbeschriftung', '<end>']","[0, 2, 10, 3, 4, 10, 5, 11, 12, 14, 8, 9, 1]"
28,1160669_10,"['<start>', 'Drehen', 'Fräsen', 'HSC-Fräsen', '<end>']","[0, 10, 3, 7, 1]"
29,1160669_20,"['<start>', 'Drehen', 'Fräsen', 'HSC-Fräsen', '<end>']","[0, 10, 3, 7, 1]"
30,1160683_80,"['<start>', 'Sägen', 'Fräsen', 'Härten/Oberfläche', 'Flachschleifen', 'Startlochbohren', 'Koordinatenschleifen', 'Drahterodieren', 'Flachschleifen', 'Polieren', 'Messen', 'Härten/Oberfläche', 'Messen', 'Laserbeschriftung', '<end>']","[0, 2, 3, 4, 5, 16, 6, 12, 5, 13, 8, 4, 8, 9, 1]"
31,1160712_10,"['<start>', 'Sägen', 'Fräsen', 'Härten/Oberfläche', 'Flachschleifen', 'Drahterodieren', 'Messen', 'Laserbeschriftung', '<end>']","[0, 2, 3, 4, 5, 12, 8, 9, 1]"
32,1160738_10,"['<start>', 'Sägen', 'Drehen', 'Fräsen', 'Härten/Oberfläche', 'Flachschleifen', 'Drehen', 'Rundschleifen', 'Flachschleifen', 'Messen', 'Laserbeschriftung', '<end>']","[0, 2, 10, 3, 4, 5, 10, 11, 5, 8, 9, 1]"
33,1160777_10,"['<start>', 'Flachschleifen', 'Koordinatenschleifen', 'Rundschleifen', 'Flachschleifen', 'Koordinatenschleifen', 'Polieren', 'Drahterodieren', 'Messen', 'Härten/Oberfläche', 'Messen', 'Laserbeschriftung', '<end>']","[0, 5, 6, 11, 5, 6, 13, 12, 8, 4, 8, 9, 1]"
34,1160815_10,"['<start>', 'Sägen', 'Drehen', 'Härten/Oberfläche', 'Drehen', 'Flachschleifen', 'Rundschleifen', 'Polieren', 'Messen', 'Härten/Oberfläche', 'Laserbeschriftung', '<end>']","[0, 2, 10, 4, 10, 5, 11, 13, 8, 4, 9, 1]"
35,1160866_10,"['<start>', 'Sägen', 'Drehen', 'Fräsen', 'Härten/Oberfläche', 'Drehen', 'Flachschleifen', 'Drahterodieren', 'Messen', 'Laserbeschriftung', '<end>']","[0, 2, 10, 3, 4, 10, 5, 12, 8, 9, 1]"
36,1160875_10,"['<start>', 'Sägen', 'Fräsen', 'Härten/Oberfläche', 'Flachschleifen', 'Koordinatenschleifen', 'HSC-Fräsen', 'Messen', 'Härten/Oberfläche', 'Messen', 'Laserbeschriftung', '<end>']","[0, 2, 3, 4, 5, 6, 7, 8, 4, 8, 9, 1]"
37,1160875_20,"['<start>', 'Sägen', 'Drehen', 'Fräsen', 'Flachschleifen', 'Laserbeschriftung', '<end>']","[0, 2, 10, 3, 5, 9, 1]"
38,1160875_30,"['<start>', 'Sägen', 'Drehen', 'Fräsen', 'Laserbeschriftung', '<end>']","[0, 2, 10, 3, 9, 1]"
39,1160897_10,"['<start>', 'Sägen', 'Drehen', 'Fräsen', 'Härten/Oberfläche', 'Flachschleifen', 'Messen', 'Laserbeschriftung', '<end>']","[0, 2, 10, 3, 4, 5, 8, 9, 1]"
40,1160897_20,"['<start>', 'HSC-Fräsen', 'Drehen', 'Flachschleifen', 'Messen', 'Laserbeschriftung', '<end>']","[0, 7, 10, 5, 8, 9, 1]"
41,1160897_30,"['<start>', 'Sägen', 'Drehen', 'Fräsen', 'Härten/Oberfläche', 'Flachschleifen', 'Rundschleifen', 'Messen', 'Laserbeschriftung', '<end>']","[0, 2, 10, 3, 4, 5, 11, 8, 9, 1]"
42,1160897_40,"['<start>', 'Drehen', 'Fräsen', 'Flachschleifen', 'Messen', 'Laserbeschriftung', '<end>']","[0, 10, 3, 5, 8, 9, 1]"
43,1160908_10,"['<start>', 'Sägen', 'Drehen', 'Fräsen', 'Härten/Oberfläche', 'Flachschleifen', 'Drahterodieren', 'Messen', 'Härten/Oberfläche', 'Messen', 'Laserbeschriftung', '<end>']","[0, 2, 10, 3, 4, 5, 12, 8, 4, 8, 9, 1]"
44,1160908_20,"['<start>', 'Sägen', 'Drehen', 'Fräsen', 'Härten/Oberfläche', 'Drehen', 'Flachschleifen', 'Drahterodieren', 'Messen', 'Härten/Oberfläche', 'Messen', 'Laserbeschriftung', '<end>']","[0, 2, 10, 3, 4, 10, 5, 12, 8, 4, 8, 9, 1]"
45,1160908_30,"['<start>', 'Sägen', 'Drehen', 'Fräsen', 'Härten/Oberfläche', 'Flachschleifen', 'Drahterodieren', 'Koordinatenschleifen', 'Startlochbohren', 'Messen', 'Härten/Oberfläche', 'Messen', 'Laserbeschriftung', '<end>']","[0, 2, 10, 3, 4, 5, 12, 6, 16, 8, 4, 8, 9, 1]"
46,1160915_10,"['<start>', 'Sägen', 'Drehen', 'Fräsen', 'Härten/Oberfläche', 'Drehen', 'Flachschleifen', 'Drahterodieren', 'Messen', 'Laserbeschriftung', '<end>']","[0, 2, 10, 3, 4, 10, 5, 12, 8, 9, 1]"
47,1160921_10,"['<start>', 'Sägen', 'Drehen', 'Härten/Oberfläche', 'Flachschleifen', 'Rundschleifen', 'Messen', 'Laserbeschriftung', '<end>']","[0, 2, 10, 4, 5, 11, 8, 9, 1]"
48,1160921_20,"['<start>', 'Drehen', 'Fräsen', 'Härten/Oberfläche', 'Flachschleifen', 'Rundschleifen', 'Koordinatenschleifen', 'Messen', 'Laserbeschriftung', '<end>']","[0, 10, 3, 4, 5, 11, 6, 8, 9, 1]"
49,1160983_10,"['<start>', 'Drehen', 'Fräsen', 'Härten/Oberfläche', 'Flachschleifen', 'Drehen', 'Koordinatenschleifen', 'Polieren', 'Messen', 'Härten/Oberfläche', 'Messen', 'Laserbeschriftung', '<end>']","[0, 10, 3, 4, 5, 10, 6, 13, 8, 4, 8, 9, 1]"
50,1160985_10,"['<start>', 'Startlochbohren', 'Drahterodieren', 'Flachschleifen', 'Polieren', 'Messen', 'Härten/Oberfläche', 'Laserbeschriftung', '<end>']","[0, 16, 12, 5, 13, 8, 4, 9, 1]"
51,1161017_10,"['<start>', 'Sägen', 'Drehen', 'Fräsen', 'Härten/Oberfläche', 'Drehen', 'Flachschleifen', 'Koordinatenschleifen', 'HSC-Fräsen', 'Messen', 'Laserbeschriftung', '<end>']","[0, 2, 10, 3, 4, 10, 5, 6, 7, 8, 9, 1]"
52,1161960_10,"['<start>', 'Drehen', 'Fräsen', 'Härten/Oberfläche', 'Drehen', 'Flachschleifen', 'Drahterodieren', 'Rundschleifen', 'HSC-Fräsen', 'Messen', 'Härten/Oberfläche', 'Messen', 'Laserbeschriftung', '<end>']","[0, 10, 3, 4, 10, 5, 12, 11, 7, 8, 4, 8, 9, 1]"
53,1161972_20,"['<start>', 'Sägen', 'Drehen', 'Fräsen', 'Härten/Oberfläche', 'Flachschleifen', 'Rundschleifen', 'Koordinatenschleifen', 'Messen', 'Laserbeschriftung', '<end>']","[0, 2, 10, 3, 4, 5, 11, 6, 8, 9, 1]"
54,170002_00038,"['<start>', 'Sägen', 'Drehen', 'Flachschleifen', '<end>']","[0, 2, 10, 5, 1]"
55,170002_00046,"['<start>', 'Sägen', 'Fräsen', '<end>']","[0, 2, 3, 1]"
56,170002_00061,"['<start>', 'Sägen', 'Fräsen', 'Flachschleifen', 'Fräsen', 'Drahterodieren', '<end>']","[0, 2, 3, 5, 3, 12, 1]"
57,191590_00010,"['<start>', 'Fräsen', 'Härten/Oberfläche', 'Flachschleifen', 'Fräsen', 'Fremdvergabe', 'Messen', '<end>']","[0, 3, 4, 5, 3, 15, 8, 1]"
58,201062_00010,"['<start>', 'Fräsen', 'Härten/Oberfläche', 'Flachschleifen', 'Drahterodieren', 'HSC-Fräsen', 'Senkerodieren', 'Laserbeschriftung', '<end>']","[0, 3, 4, 5, 12, 7, 14, 9, 1]"
59,210322_00010,"['<start>', 'Fräsen', 'Messen', 'Laserbeschriftung', '<end>']","[0, 3, 8, 9, 1]"
60,210422_00020,"['<start>', 'Fräsen', 'Härten/Oberfläche', 'Laserbeschriftung', 'Messen', '<end>']","[0, 3, 4, 9, 8, 1]"
61,210990_00016,"['<start>', 'Fräsen', 'Härten/Oberfläche', 'Flachschleifen', 'Fräsen', 'Drahterodieren', 'Messen', '<end>']","[0, 3, 4, 5, 3, 12, 8, 1]"
62,211103_00020,"['<start>', 'Drehen', 'Fräsen', 'Härten/Oberfläche', 'Rundschleifen', '<end>']","[0, 10, 3, 4, 11, 1]"
63,211900_00010,"['<start>', 'Sägen', 'Drehen', 'Fräsen', 'Härten/Oberfläche', 'Flachschleifen', 'Rundschleifen', 'Koordinatenschleifen', 'Polieren', 'Messen', 'Senkerodieren', 'Polieren', 'Messen', 'Härten/Oberfläche', 'Messen', 'Laserbeschriftung', '<end>']","[0, 2, 10, 3, 4, 5, 11, 6, 13, 8, 14, 13, 8, 4, 8, 9, 1]"
64,211920_00020,"['<start>', 'Drahterodieren', 'Flachschleifen', 'Drahterodieren', 'Laserbeschriftung', '<end>']","[0, 12, 5, 12, 9, 1]"
65,7411_10,"['<start>', 'Sägen', 'Drehen', 'Härten/Oberfläche', '<end>']","[0, 2, 10, 4, 1]"
66,1152033_10,"['<start>', 'Fräsen', 'Messen', '<end>']","[0, 3, 8, 1]"
67,1152033_20,"['<start>', 'Fräsen', 'Härten/Oberfläche', 'Fräsen', 'Messen', '<end>']","[0, 3, 4, 3, 8, 1]"
68,1152033_30,"['<start>', 'Drehen', 'Härten/Oberfläche', '<end>']","[0, 10, 4, 1]"
69,1152095_10,"['<start>', 'Fräsen', 'Drahterodieren', 'Laserbeschriftung', '<end>']","[0, 3, 12, 9, 1]"
70,1152117_10,"['<start>', 'Drehen', 'Drahterodieren', 'Laserbeschriftung', '<end>']","[0, 10, 12, 9, 1]"
71,1152117_20,"['<start>', 'Drehen', 'Drahterodieren', 'Laserbeschriftung', '<end>']","[0, 10, 12, 9, 1]"
72,1152203_10,"['<start>', 'Fräsen', 'Laserbeschriftung', '<end>']","[0, 3, 9, 1]"
73,1152282_10,"['<start>', 'Fräsen', '<end>']","[0, 3, 1]"
74,1152490_10,"['<start>', 'Fräsen', '<end>']","[0, 3, 1]"
75,1152491_10,"['<start>', 'Fräsen', 'Laserbeschriftung', '<end>']","[0, 3, 9, 1]"
76,1152527_10,"['<start>', 'Sägen', 'Fräsen', 'Drahterodieren', 'Fräsen', '<end>']","[0, 2, 3, 12, 3, 1]"
77,1152608_10,"['<start>', 'Fräsen', '<end>']","[0, 3, 1]"
78,1153493_10,"['<start>', 'Sägen', 'Fräsen', 'Härten/Oberfläche', 'Flachschleifen', 'Fräsen', 'Laserbeschriftung', '<end>']","[0, 2, 3, 4, 5, 3, 9, 1]"
79,1153493_20,"['<start>', 'Sägen', 'Fräsen', 'Härten/Oberfläche', 'Flachschleifen', 'Fräsen', 'Laserbeschriftung', '<end>']","[0, 2, 3, 4, 5, 3, 9, 1]"
80,1153548_10,"['<start>', 'Fräsen', 'Flachschleifen', 'Fräsen', 'Laserbeschriftung', '<end>']","[0, 3, 5, 3, 9, 1]"
81,1153549_10,"['<start>', 'Fräsen', 'Flachschleifen', 'Fräsen', 'Laserbeschriftung', '<end>']","[0, 3, 5, 3, 9, 1]"
82,1153553_10,"['<start>', 'Drehen', 'Härten/Oberfläche', 'Laserbeschriftung', '<end>']","[0, 10, 4, 9, 1]"
83,1153559_10,"['<start>', 'Fräsen', '<end>']","[0, 3, 1]"
84,1153559_20,"['<start>', 'Fräsen', '<end>']","[0, 3, 1]"
85,1153570_10,"['<start>', 'Fräsen', 'Flachschleifen', 'Fräsen', 'Laserbeschriftung', '<end>']","[0, 3, 5, 3, 9, 1]"
86,1153803_10,"['<start>', 'Fräsen', 'Härten/Oberfläche', 'Flachschleifen', 'Fräsen', 'Laserbeschriftung', '<end>']","[0, 3, 4, 5, 3, 9, 1]"
87,1153803_20,"['<start>', 'Fräsen', 'Härten/Oberfläche', 'Flachschleifen', 'Fräsen', 'Laserbeschriftung', '<end>']","[0, 3, 4, 5, 3, 9, 1]"
88,1153808_10,"['<start>', 'Fräsen', 'Härten/Oberfläche', 'Flachschleifen', 'Fräsen', 'Laserbeschriftung', '<end>']","[0, 3, 4, 5, 3, 9, 1]"
89,1153809_10,"['<start>', 'Fräsen', 'Härten/Oberfläche', 'Flachschleifen', 'Fräsen', 'Laserbeschriftung', '<end>']","[0, 3, 4, 5, 3, 9, 1]"
90,1153809_20,"['<start>', 'Fräsen', 'Härten/Oberfläche', 'Flachschleifen', 'Fräsen', 'Laserbeschriftung', '<end>']","[0, 3, 4, 5, 3, 9, 1]"
91,1154034_10,"['<start>', 'Fräsen', 'Härten/Oberfläche', 'Flachschleifen', 'Fräsen', 'Laserbeschriftung', '<end>']","[0, 3, 4, 5, 3, 9, 1]"
92,1160250_10,"['<start>', 'Fräsen', 'Härten/Oberfläche', 'Flachschleifen', 'Drahterodieren', 'Härten/Oberfläche', 'Messen', '<end>']","[0, 3, 4, 5, 12, 4, 8, 1]"
93,1160412_10,"['<start>', 'Fräsen', '<end>']","[0, 3, 1]"
94,1160420_10,"['<start>', 'Fremdvergabe', '<end>']","[0, 15, 1]"
95,1161215_10,"['<start>', 'Fräsen', 'Härten/Oberfläche', 'Flachschleifen', 'Fremdvergabe', 'Härten/Oberfläche', '<end>']","[0, 3, 4, 5, 15, 4, 1]"
96,1161215_100,"['<start>', 'Drahterodieren', 'Startlochbohren', 'Drahterodieren', 'Härten/Oberfläche', '<end>']","[0, 12, 16, 12, 4, 1]"
97,1161215_20,"['<start>', 'Drahterodieren', 'Flachschleifen', 'Härten/Oberfläche', '<end>']","[0, 12, 5, 4, 1]"
98,1161215_30,"['<start>', 'Drahterodieren', 'Flachschleifen', 'Härten/Oberfläche', '<end>']","[0, 12, 5, 4, 1]"
99,1161215_40,"['<start>', 'Drahterodieren', 'Startlochbohren', 'Drahterodieren', 'Flachschleifen', 'Härten/Oberfläche', '<end>']","[0, 12, 16, 12, 5, 4, 1]"
100,1161215_50,"['<start>', 'Drahterodieren', 'Startlochbohren', 'Drahterodieren', 'Flachschleifen', 'Härten/Oberfläche', '<end>']","[0, 12, 16, 12, 5, 4, 1]"
101,1161215_60,"['<start>', 'Drahterodieren', 'Startlochbohren', 'Drahterodieren', 'Härten/Oberfläche', '<end>']","[0, 12, 16, 12, 4, 1]"
102,1161215_70,"['<start>', 'Fräsen', 'Härten/Oberfläche', 'Flachschleifen', 'Drahterodieren', 'Härten/Oberfläche', '<end>']","[0, 3, 4, 5, 12, 4, 1]"
103,1161215_80,"['<start>', 'Drahterodieren', 'Startlochbohren', 'Drahterodieren', 'Härten/Oberfläche', '<end>']","[0, 12, 16, 12, 4, 1]"
104,1161215_90,"['<start>', 'Fräsen', 'Härten/Oberfläche', 'Flachschleifen', 'Drahterodieren', 'Härten/Oberfläche', '<end>']","[0, 3, 4, 5, 12, 4, 1]"
105,1161739_10,"['<start>', 'Drehen', 'Drahterodieren', 'Laserbeschriftung', '<end>']","[0, 10, 12, 9, 1]"
106,1161739_20,"['<start>', 'Drehen', 'Drahterodieren', 'Laserbeschriftung', '<end>']","[0, 10, 12, 9, 1]"
107,1161821_10,"['<start>', 'Drehen', 'Fräsen', 'Härten/Oberfläche', 'Laserbeschriftung', '<end>']","[0, 10, 3, 4, 9, 1]"
108,1161979_10,"['<start>', 'Fräsen', 'Härten/Oberfläche', 'Messen', 'Laserbeschriftung', '<end>']","[0, 3, 4, 8, 9, 1]"
109,1161979_20,"['<start>', 'Fräsen', 'Härten/Oberfläche', 'Messen', 'Laserbeschriftung', '<end>']","[0, 3, 4, 8, 9, 1]"
110,1161979_30,"['<start>', 'Sägen', 'Fräsen', 'Härten/Oberfläche', 'Messen', '<end>']","[0, 2, 3, 4, 8, 1]"
111,1161979_40,"['<start>', 'Sägen', 'Fräsen', 'Härten/Oberfläche', 'Messen', '<end>']","[0, 2, 3, 4, 8, 1]"
112,1162152_10,"['<start>', 'Fräsen', 'Laserbeschriftung', '<end>']","[0, 3, 9, 1]"
113,1162154_10,"['<start>', 'Fräsen', 'Laserbeschriftung', '<end>']","[0, 3, 9, 1]"
114,1162177_10,"['<start>', 'Sägen', 'Fräsen', 'Laserbeschriftung', '<end>']","[0, 2, 3, 9, 1]"
115,1162177_20,"['<start>', 'Sägen', 'Fräsen', 'Laserbeschriftung', '<end>']","[0, 2, 3, 9, 1]"
116,1162288_10,"['<start>', 'HSC-Fräsen', 'Härten/Oberfläche', 'Messen', '<end>']","[0, 7, 4, 8, 1]"
117,1162289_10,"['<start>', 'HSC-Fräsen', 'Härten/Oberfläche', 'Messen', '<end>']","[0, 7, 4, 8, 1]"
118,1162289_20,"['<start>', 'HSC-Fräsen', 'Härten/Oberfläche', 'Messen', '<end>']","[0, 7, 4, 8, 1]"
119,1162289_30,"['<start>', 'HSC-Fräsen', 'Härten/Oberfläche', 'Messen', '<end>']","[0, 7, 4, 8, 1]"
120,1162289_40,"['<start>', 'HSC-Fräsen', 'Härten/Oberfläche', 'Messen', '<end>']","[0, 7, 4, 8, 1]"
121,1162289_50,"['<start>', 'HSC-Fräsen', 'Härten/Oberfläche', 'Messen', '<end>']","[0, 7, 4, 8, 1]"
122,1162357_10,"['<start>', 'Drehen', 'Fräsen', 'Härten/Oberfläche', 'Laserbeschriftung', '<end>']","[0, 10, 3, 4, 9, 1]"
123,1162357_20,"['<start>', 'Drehen', 'Fräsen', 'Härten/Oberfläche', 'Laserbeschriftung', '<end>']","[0, 10, 3, 4, 9, 1]"
124,1162679_10,"['<start>', 'Fräsen', 'Härten/Oberfläche', 'Flachschleifen', 'Drahterodieren', 'Senkerodieren', 'HSC-Fräsen', '<end>']","[0, 3, 4, 5, 12, 14, 7, 1]"
125,1162720_10,"['<start>', 'Flachschleifen', 'Fräsen', 'HSC-Fräsen', 'Messen', 'Drahterodieren', '<end>']","[0, 5, 3, 7, 8, 12, 1]"
126,1162866_10,"['<start>', 'Fräsen', 'Härten/Oberfläche', '<end>']","[0, 3, 4, 1]"
127,1162866_20,"['<start>', 'Fräsen', '<end>']","[0, 3, 1]"
128,1163200_10,"['<start>', 'HSC-Fräsen', 'Messen', '<end>']","[0, 7, 8, 1]"
129,1163208_10,"['<start>', 'Sägen', 'HSC-Fräsen', 'Härten/Oberfläche', 'Flachschleifen', 'Drahterodieren', 'HSC-Fräsen', 'Messen', '<end>']","[0, 2, 7, 4, 5, 12, 7, 8, 1]"
130,1170113_10,"['<start>', 'Fräsen', '<end>']","[0, 3, 1]"
131,1170113_20,"['<start>', 'Fräsen', '<end>']","[0, 3, 1]"
132,1170875_10,"['<start>', 'Fremdvergabe', 'Härten/Oberfläche', 'Laserbeschriftung', '<end>']","[0, 15, 4, 9, 1]"
133,1171030_10,"['<start>', 'Startlochbohren', 'Drahterodieren', 'Flachschleifen', 'HSC-Fräsen', 'Härten/Oberfläche', '<end>']","[0, 16, 12, 5, 7, 4, 1]"
134,1171152_15,"['<start>', 'Drahterodieren', 'Flachschleifen', 'Fremdvergabe', 'Drahterodieren', 'HSC-Fräsen', '<end>']","[0, 12, 5, 15, 12, 7, 1]"
135,1171384_10,"['<start>', 'Drehen', 'Fräsen', 'Härten/Oberfläche', 'Messen', '<end>']","[0, 10, 3, 4, 8, 1]"
136,1171385_10,"['<start>', 'Drehen', 'Härten/Oberfläche', 'Laserbeschriftung', '<end>']","[0, 10, 4, 9, 1]"
137,1171385_20,"['<start>', 'Drehen', 'Fräsen', 'Härten/Oberfläche', 'Laserbeschriftung', '<end>']","[0, 10, 3, 4, 9, 1]"
138,1171439_10,"['<start>', 'Fräsen', 'Härten/Oberfläche', 'Flachschleifen', 'HSC-Fräsen', 'Koordinatenschleifen', 'Drahterodieren', 'Härten/Oberfläche', '<end>']","[0, 3, 4, 5, 7, 6, 12, 4, 1]"
139,1171607_10,"['<start>', 'Drehen', 'Härten/Oberfläche', '<end>']","[0, 10, 4, 1]"
140,1171836_10,"['<start>', 'HSC-Fräsen', 'Härten/Oberfläche', 'Flachschleifen', 'Fremdvergabe', 'HSC-Fräsen', 'Drahterodieren', 'Härten/Oberfläche', '<end>']","[0, 7, 4, 5, 15, 7, 12, 4, 1]"
141,1171836_20,"['<start>', 'HSC-Fräsen', 'Härten/Oberfläche', 'Flachschleifen', 'Fremdvergabe', 'HSC-Fräsen', 'Drahterodieren', 'Härten/Oberfläche', '<end>']","[0, 7, 4, 5, 15, 7, 12, 4, 1]"
142,1171848_10,"['<start>', 'HSC-Fräsen', 'Härten/Oberfläche', 'Flachschleifen', 'Fremdvergabe', 'HSC-Fräsen', 'Drahterodieren', '<end>']","[0, 7, 4, 5, 15, 7, 12, 1]"
143,1171848_20,"['<start>', 'HSC-Fräsen', 'Härten/Oberfläche', 'Flachschleifen', 'Fremdvergabe', 'HSC-Fräsen', 'Drahterodieren', '<end>']","[0, 7, 4, 5, 15, 7, 12, 1]"
144,1171882_10,"['<start>', 'HSC-Fräsen', 'Härten/Oberfläche', 'Flachschleifen', 'Fremdvergabe', 'HSC-Fräsen', 'Drahterodieren', 'Härten/Oberfläche', '<end>']","[0, 7, 4, 5, 15, 7, 12, 4, 1]"
145,1171884_10,"['<start>', 'HSC-Fräsen', 'Härten/Oberfläche', 'Flachschleifen', 'Fremdvergabe', 'HSC-Fräsen', 'Drahterodieren', '<end>']","[0, 7, 4, 5, 15, 7, 12, 1]"
146,1172131_10,"['<start>', 'Sägen', 'Drehen', 'Fräsen', 'Härten/Oberfläche', 'Laserbeschriftung', '<end>']","[0, 2, 10, 3, 4, 9, 1]"
147,1172131_20,"['<start>', 'Sägen', 'Drehen', 'Fräsen', 'Härten/Oberfläche', 'Laserbeschriftung', '<end>']","[0, 2, 10, 3, 4, 9, 1]"
148,1172282_10,"['<start>', 'Fräsen', '<end>']","[0, 3, 1]"
149,1172422_10,"['<start>', 'Sägen', 'Fräsen', 'Härten/Oberfläche', 'Flachschleifen', 'Drahterodieren', 'Flachschleifen', 'Drahterodieren', 'Härten/Oberfläche', '<end>']","[0, 2, 3, 4, 5, 12, 5, 12, 4, 1]"
150,1172422_20,"['<start>', 'Fräsen', 'Härten/Oberfläche', 'Flachschleifen', 'Drahterodieren', 'Härten/Oberfläche', '<end>']","[0, 3, 4, 5, 12, 4, 1]"
151,1172422_30,"['<start>', 'Sägen', 'Fräsen', 'Härten/Oberfläche', 'Flachschleifen', 'Drahterodieren', 'Flachschleifen', 'Drahterodieren', 'Härten/Oberfläche', '<end>']","[0, 2, 3, 4, 5, 12, 5, 12, 4, 1]"
152,1172422_40,"['<start>', 'Fräsen', 'Härten/Oberfläche', 'Flachschleifen', 'Drahterodieren', 'Härten/Oberfläche', '<end>']","[0, 3, 4, 5, 12, 4, 1]"
153,1172472_10,"['<start>', 'Fräsen', 'Härten/Oberfläche', 'Flachschleifen', 'Drahterodieren', 'Flachschleifen', 'Härten/Oberfläche', '<end>']","[0, 3, 4, 5, 12, 5, 4, 1]"
154,1172473_10,"['<start>', 'Fräsen', 'Härten/Oberfläche', 'Flachschleifen', 'Drahterodieren', 'Flachschleifen', 'Härten/Oberfläche', '<end>']","[0, 3, 4, 5, 12, 5, 4, 1]"
155,1172588_10,"['<start>', 'Drehen', 'Härten/Oberfläche', 'Laserbeschriftung', '<end>']","[0, 10, 4, 9, 1]"
156,1172588_30,"['<start>', 'Drehen', 'Härten/Oberfläche', 'Laserbeschriftung', '<end>']","[0, 10, 4, 9, 1]"
157,1172593_10,"['<start>', 'Fräsen', 'Flachschleifen', 'Fräsen', 'Drahterodieren', 'Laserbeschriftung', '<end>']","[0, 3, 5, 3, 12, 9, 1]"
158,1172598_10,"['<start>', 'Drehen', 'Fräsen', 'Härten/Oberfläche', 'Laserbeschriftung', '<end>']","[0, 10, 3, 4, 9, 1]"
159,1172599_10,"['<start>', 'Drehen', 'Härten/Oberfläche', 'Laserbeschriftung', '<end>']","[0, 10, 4, 9, 1]"
160,1172600_10,"['<start>', 'Drehen', 'Fräsen', 'Härten/Oberfläche', 'Laserbeschriftung', '<end>']","[0, 10, 3, 4, 9, 1]"
161,1172601_10,"['<start>', 'Drehen', 'Härten/Oberfläche', 'Laserbeschriftung', '<end>']","[0, 10, 4, 9, 1]"
162,1172733_5,"['<start>', 'Fräsen', 'Laserbeschriftung', '<end>']","[0, 3, 9, 1]"
163,1172733_6,"['<start>', 'Fräsen', 'Härten/Oberfläche', 'Laserbeschriftung', '<end>']","[0, 3, 4, 9, 1]"
164,1172909_10,"['<start>', 'Fräsen', '<end>']","[0, 3, 1]"
165,1180106_10,"['<start>', 'Drehen', 'Härten/Oberfläche', 'Laserbeschriftung', '<end>']","[0, 10, 4, 9, 1]"
166,1180106_20,"['<start>', 'Drehen', 'Fräsen', 'Härten/Oberfläche', 'Laserbeschriftung', '<end>']","[0, 10, 3, 4, 9, 1]"
167,1151035_10,"['<start>', 'Sägen', 'Drehen', 'Rundschleifen', 'Fräsen', 'Messen', 'Laserbeschriftung', '<end>']","[0, 2, 10, 11, 3, 8, 9, 1]"
168,1151035_20,"['<start>', 'Sägen', 'Drehen', 'Fräsen', 'Flachschleifen', 'Messen', 'Laserbeschriftung', '<end>']","[0, 2, 10, 3, 5, 8, 9, 1]"
169,1151035_30,"['<start>', 'Drehen', 'Härten/Oberfläche', 'Flachschleifen', 'Koordinatenschleifen', 'Fräsen', 'Drahterodieren', 'Messen', '<end>']","[0, 10, 4, 5, 6, 3, 12, 8, 1]"
170,1151035_950,"['<start>', 'Drehen', 'Flachschleifen', 'Fremdvergabe', '<end>']","[0, 10, 5, 15, 1]"
171,1152031_10,"['<start>', 'Sägen', 'Fräsen', 'Flachschleifen', 'Fräsen', 'Drahterodieren', 'Messen', 'Laserbeschriftung', '<end>']","[0, 2, 3, 5, 3, 12, 8, 9, 1]"
172,1152031_100,"['<start>', 'Sägen', 'Fräsen', 'Messen', 'Laserbeschriftung', '<end>']","[0, 2, 3, 8, 9, 1]"
173,1152031_110,"['<start>', 'Sägen', 'Fräsen', 'Messen', 'Laserbeschriftung', '<end>']","[0, 2, 3, 8, 9, 1]"
174,1152031_120,"['<start>', 'Sägen', 'Fräsen', 'Messen', 'Laserbeschriftung', '<end>']","[0, 2, 3, 8, 9, 1]"
175,1152031_130,"['<start>', 'Sägen', 'Fräsen', 'Flachschleifen', 'Fräsen', 'Messen', 'Laserbeschriftung', '<end>']","[0, 2, 3, 5, 3, 8, 9, 1]"
176,1152031_140,"['<start>', 'Sägen', 'Fräsen', 'Messen', 'Laserbeschriftung', '<end>']","[0, 2, 3, 8, 9, 1]"
177,1152031_150,"['<start>', 'Sägen', 'Fräsen', 'Flachschleifen', 'Fräsen', 'Drahterodieren', 'Messen', 'Laserbeschriftung', '<end>']","[0, 2, 3, 5, 3, 12, 8, 9, 1]"
178,1152031_160,"['<start>', 'Sägen', 'Fräsen', 'Flachschleifen', 'Fräsen', 'Messen', 'Laserbeschriftung', '<end>']","[0, 2, 3, 5, 3, 8, 9, 1]"
179,1152031_170,"['<start>', 'Sägen', 'Drehen', 'Startlochbohren', 'Drahterodieren', 'Messen', 'Laserbeschriftung', '<end>']","[0, 2, 10, 16, 12, 8, 9, 1]"
180,1152031_180,"['<start>', 'Sägen', 'Fräsen', 'Messen', 'Laserbeschriftung', '<end>']","[0, 2, 3, 8, 9, 1]"
181,1152031_20,"['<start>', 'Sägen', 'Drehen', 'Drahterodieren', 'Messen', 'Laserbeschriftung', '<end>']","[0, 2, 10, 12, 8, 9, 1]"
182,1152031_200,"['<start>', 'Sägen', 'Fräsen', 'Flachschleifen', 'Fräsen', 'Drahterodieren', 'Messen', 'Laserbeschriftung', '<end>']","[0, 2, 3, 5, 3, 12, 8, 9, 1]"
183,1152031_30,"['<start>', 'Sägen', 'Fräsen', 'Messen', 'Laserbeschriftung', '<end>']","[0, 2, 3, 8, 9, 1]"
184,1152031_40,"['<start>', 'Sägen', 'Fräsen', 'Flachschleifen', 'Messen', 'Laserbeschriftung', '<end>']","[0, 2, 3, 5, 8, 9, 1]"
185,1152031_50,"['<start>', 'Sägen', 'Fräsen', 'Flachschleifen', 'Fräsen', 'Drahterodieren', 'Messen', 'Laserbeschriftung', '<end>']","[0, 2, 3, 5, 3, 12, 8, 9, 1]"
186,1152031_60,"['<start>', 'Drehen', 'Messen', 'Laserbeschriftung', '<end>']","[0, 10, 8, 9, 1]"
187,1152031_70,"['<start>', 'Sägen', 'Fräsen', 'Flachschleifen', 'Drahterodieren', 'Messen', 'Laserbeschriftung', '<end>']","[0, 2, 3, 5, 12, 8, 9, 1]"
188,1152031_80,"['<start>', 'Sägen', 'Drehen', 'Fräsen', 'Drahterodieren', 'Messen', 'Laserbeschriftung', '<end>']","[0, 2, 10, 3, 12, 8, 9, 1]"
189,1152031_90,"['<start>', 'Sägen', 'Fräsen', 'Flachschleifen', 'Fräsen', 'Messen', 'Laserbeschriftung', '<end>']","[0, 2, 3, 5, 3, 8, 9, 1]"
190,1152043_10,"['<start>', 'Drehen', 'Fräsen', 'Flachschleifen', 'Fräsen', 'Koordinatenschleifen', 'Senkerodieren', '<end>']","[0, 10, 3, 5, 3, 6, 14, 1]"
191,1152045_10,"['<start>', 'Drehen', 'Fräsen', 'Flachschleifen', 'Fräsen', 'Koordinatenschleifen', 'Senkerodieren', '<end>']","[0, 10, 3, 5, 3, 6, 14, 1]"
192,1152120_10,"['<start>', 'Fräsen', 'HSC-Fräsen', 'Messen', '<end>']","[0, 3, 7, 8, 1]"
193,1152120_20,"['<start>', 'Drehen', 'Fräsen', 'Härten/Oberfläche', 'Flachschleifen', 'Rundschleifen', 'Koordinatenschleifen', 'Messen', 'Laserbeschriftung', '<end>']","[0, 10, 3, 4, 5, 11, 6, 8, 9, 1]"
194,1152120_30,"['<start>', 'Sägen', 'Drehen', 'Messen', '<end>']","[0, 2, 10, 8, 1]"
195,1152168_10,"['<start>', 'Drahterodieren', 'Rundschleifen', 'Flachschleifen', 'Messen', '<end>']","[0, 12, 11, 5, 8, 1]"
196,1152168_20,"['<start>', 'Sägen', 'Drehen', 'Fräsen', 'Laserbeschriftung', '<end>']","[0, 2, 10, 3, 9, 1]"
197,1152253_10,"['<start>', 'Drehen', 'Fräsen', 'Härten/Oberfläche', 'Rundschleifen', 'Flachschleifen', 'Koordinatenschleifen', 'Drahterodieren', 'Härten/Oberfläche', 'Laserbeschriftung', 'Messen', '<end>']","[0, 10, 3, 4, 11, 5, 6, 12, 4, 9, 8, 1]"
198,1152386_10,"['<start>', 'Sägen', 'Fräsen', 'Drahterodieren', 'Fräsen', 'Flachschleifen', 'Härten/Oberfläche', 'Messen', 'Laserbeschriftung', '<end>']","[0, 2, 3, 12, 3, 5, 4, 8, 9, 1]"
199,1152386_20,"['<start>', 'Sägen', 'Fräsen', 'Drahterodieren', 'Fräsen', 'Flachschleifen', 'Härten/Oberfläche', 'Messen', 'Laserbeschriftung', '<end>']","[0, 2, 3, 12, 3, 5, 4, 8, 9, 1]"
200,1152418_10,"['<start>', 'Sägen', 'Fräsen', 'Flachschleifen', 'Fräsen', 'Härten/Oberfläche', 'Laserbeschriftung', 'Messen', '<end>']","[0, 2, 3, 5, 3, 4, 9, 8, 1]"
201,1152418_50,"['<start>', 'Sägen', 'Drehen', 'Fräsen', 'Flachschleifen', 'Laserbeschriftung', 'Messen', '<end>']","[0, 2, 10, 3, 5, 9, 8, 1]"
202,1152418_70,"['<start>', 'Sägen', 'Fräsen', 'Flachschleifen', 'Fräsen', 'Härten/Oberfläche', 'Laserbeschriftung', 'Messen', '<end>']","[0, 2, 3, 5, 3, 4, 9, 8, 1]"
203,1153261_10,"['<start>', 'Sägen', 'Fräsen', 'HSC-Fräsen', 'Fräsen', 'Polieren', 'Härten/Oberfläche', 'Polieren', 'Messen', 'Laserbeschriftung', '<end>']","[0, 2, 3, 7, 3, 13, 4, 13, 8, 9, 1]"
204,1153261_20,"['<start>', 'Fräsen', 'Flachschleifen', 'Fräsen', 'Härten/Oberfläche', 'Messen', 'Laserbeschriftung', '<end>']","[0, 3, 5, 3, 4, 8, 9, 1]"
205,1153261_30,"['<start>', 'Fräsen', 'Flachschleifen', 'Fräsen', 'Härten/Oberfläche', 'Messen', 'Laserbeschriftung', '<end>']","[0, 3, 5, 3, 4, 8, 9, 1]"
206,1153261_40,"['<start>', 'Sägen', 'Drehen', 'Drahterodieren', 'Härten/Oberfläche', 'Rundschleifen', 'Härten/Oberfläche', 'Laserbeschriftung', '<end>']","[0, 2, 10, 12, 4, 11, 4, 9, 1]"
207,1153261_50,"['<start>', 'Drehen', 'Fräsen', 'Härten/Oberfläche', 'Rundschleifen', 'Flachschleifen', 'Koordinatenschleifen', 'Messen', 'Härten/Oberfläche', 'Laserbeschriftung', '<end>']","[0, 10, 3, 4, 11, 5, 6, 8, 4, 9, 1]"
208,1153381_10,"['<start>', 'Sägen', 'Fräsen', 'Flachschleifen', 'Fräsen', 'Härten/Oberfläche', 'Messen', 'Laserbeschriftung', '<end>']","[0, 2, 3, 5, 3, 4, 8, 9, 1]"
209,1153381_100,"['<start>', 'Sägen', 'Fräsen', 'Flachschleifen', 'Messen', 'Laserbeschriftung', '<end>']","[0, 2, 3, 5, 8, 9, 1]"
210,1153381_110,"['<start>', 'Sägen', 'Fremdvergabe', 'Fräsen', 'Härten/Oberfläche', 'Messen', 'Laserbeschriftung', '<end>']","[0, 2, 15, 3, 4, 8, 9, 1]"
211,1153381_120,"['<start>', 'Sägen', 'Fräsen', 'Messen', 'Laserbeschriftung', '<end>']","[0, 2, 3, 8, 9, 1]"
212,1153381_130,"['<start>', 'Sägen', 'Drehen', 'Fräsen', 'Härten/Oberfläche', 'Messen', 'Laserbeschriftung', '<end>']","[0, 2, 10, 3, 4, 8, 9, 1]"
213,1153381_20,"['<start>', 'Sägen', 'Fräsen', 'Flachschleifen', 'Fräsen', 'Härten/Oberfläche', 'Messen', 'Laserbeschriftung', '<end>']","[0, 2, 3, 5, 3, 4, 8, 9, 1]"
214,1153381_30,"['<start>', 'Sägen', 'Fräsen', 'Flachschleifen', 'Fräsen', 'Härten/Oberfläche', 'Messen', 'Laserbeschriftung', '<end>']","[0, 2, 3, 5, 3, 4, 8, 9, 1]"
215,1153381_40,"['<start>', 'Sägen', 'Drehen', 'Fräsen', 'Laserbeschriftung', '<end>']","[0, 2, 10, 3, 9, 1]"
216,1153381_50,"['<start>', 'Sägen', 'Fremdvergabe', 'Fräsen', 'Härten/Oberfläche', 'Messen', 'Laserbeschriftung', '<end>']","[0, 2, 15, 3, 4, 8, 9, 1]"
217,1153381_60,"['<start>', 'Sägen', 'Drehen', 'Fräsen', 'Messen', 'Laserbeschriftung', '<end>']","[0, 2, 10, 3, 8, 9, 1]"
218,1153381_70,"['<start>', 'Sägen', 'Fräsen', 'Härten/Oberfläche', 'Messen', 'Laserbeschriftung', '<end>']","[0, 2, 3, 4, 8, 9, 1]"
219,1153381_80,"['<start>', 'Sägen', 'Drehen', 'Fräsen', 'Senkerodieren', 'Laserbeschriftung', '<end>']","[0, 2, 10, 3, 14, 9, 1]"
220,1153381_90,"['<start>', 'Sägen', 'Fräsen', 'Flachschleifen', 'Messen', 'Laserbeschriftung', '<end>']","[0, 2, 3, 5, 8, 9, 1]"
221,1153386_10,"['<start>', 'Sägen', 'Drehen', 'Härten/Oberfläche', 'Drehen', 'Messen', '<end>']","[0, 2, 10, 4, 10, 8, 1]"
222,1153386_20,"['<start>', 'Sägen', 'Drehen', 'Härten/Oberfläche', 'Honen', 'Rundschleifen', 'Messen', 'Laserbeschriftung', '<end>']","[0, 2, 10, 4, 17, 11, 8, 9, 1]"
223,1153388_10,"['<start>', 'Sägen', 'Drehen', 'Härten/Oberfläche', 'Drehen', 'Messen', '<end>']","[0, 2, 10, 4, 10, 8, 1]"
224,1153388_20,"['<start>', 'Sägen', 'Drehen', 'Härten/Oberfläche', 'Honen', 'Rundschleifen', 'Messen', 'Laserbeschriftung', '<end>']","[0, 2, 10, 4, 17, 11, 8, 9, 1]"
225,1153480_10,"['<start>', 'Drehen', 'Fräsen', 'Flachschleifen', 'Fräsen', 'Koordinatenschleifen', 'Senkerodieren', '<end>']","[0, 10, 3, 5, 3, 6, 14, 1]"
226,1153480_30,"['<start>', 'Drehen', 'Fräsen', '<end>']","[0, 10, 3, 1]"
227,1153480_40,"['<start>', 'Drehen', 'Fräsen', '<end>']","[0, 10, 3, 1]"
228,1153555_10,"['<start>', 'Sägen', 'Drehen', 'Fräsen', 'Härten/Oberfläche', 'Drehen', 'Rundschleifen', 'Flachschleifen', 'HSC-Fräsen', 'Messen', 'Laserbeschriftung', '<end>']","[0, 2, 10, 3, 4, 10, 11, 5, 7, 8, 9, 1]"
229,1153572_10,"['<start>', 'Fräsen', 'HSC-Fräsen', '<end>']","[0, 3, 7, 1]"
230,1153599_10,"['<start>', 'Drehen', 'Fräsen', 'Koordinatenschleifen', 'Laserbeschriftung', 'Fremdvergabe', '<end>']","[0, 10, 3, 6, 9, 15, 1]"
231,1153604_10,"['<start>', 'Sägen', 'Fräsen', 'HSC-Fräsen', 'Härten/Oberfläche', 'Flachschleifen', 'Koordinatenschleifen', 'Senkerodieren', 'Messen', 'Laserbeschriftung', '<end>']","[0, 2, 3, 7, 4, 5, 6, 14, 8, 9, 1]"
232,1153604_20,"['<start>', 'Sägen', 'Fräsen', 'HSC-Fräsen', 'Härten/Oberfläche', 'Flachschleifen', 'Koordinatenschleifen', 'Senkerodieren', 'Messen', 'Laserbeschriftung', '<end>']","[0, 2, 3, 7, 4, 5, 6, 14, 8, 9, 1]"
233,1153791_10,"['<start>', 'Fräsen', 'Flachschleifen', 'Messen', 'Laserbeschriftung', '<end>']","[0, 3, 5, 8, 9, 1]"
234,1153828_10,"['<start>', 'Sägen', 'Fräsen', 'Flachschleifen', 'Fräsen', 'Messen', 'Laserbeschriftung', '<end>']","[0, 2, 3, 5, 3, 8, 9, 1]"
235,1153828_20,"['<start>', 'Sägen', 'Fräsen', 'Flachschleifen', 'Messen', 'Laserbeschriftung', '<end>']","[0, 2, 3, 5, 8, 9, 1]"
236,1153828_30,"['<start>', 'Sägen', 'Fräsen', 'Flachschleifen', 'Messen', 'Laserbeschriftung', '<end>']","[0, 2, 3, 5, 8, 9, 1]"
237,1153830_10,"['<start>', 'Sägen', 'Fräsen', 'Flachschleifen', 'Fräsen', 'Messen', 'Laserbeschriftung', '<end>']","[0, 2, 3, 5, 3, 8, 9, 1]"
238,1153830_20,"['<start>', 'Sägen', 'Fräsen', 'Flachschleifen', 'Messen', 'Laserbeschriftung', '<end>']","[0, 2, 3, 5, 8, 9, 1]"
239,1153830_30,"['<start>', 'Sägen', 'Fräsen', 'Flachschleifen', 'Messen', 'Laserbeschriftung', '<end>']","[0, 2, 3, 5, 8, 9, 1]"
240,1153830_40,"['<start>', 'Sägen', 'Fräsen', 'Flachschleifen', 'Messen', 'Laserbeschriftung', '<end>']","[0, 2, 3, 5, 8, 9, 1]"
241,1153832_10,"['<start>', 'Sägen', 'Fräsen', 'Laserbeschriftung', '<end>']","[0, 2, 3, 9, 1]"
242,1153832_20,"['<start>', 'Sägen', 'Fräsen', 'Laserbeschriftung', '<end>']","[0, 2, 3, 9, 1]"
243,1153832_30,"['<start>', 'Sägen', 'Fräsen', 'Flachschleifen', 'Laserbeschriftung', '<end>']","[0, 2, 3, 5, 9, 1]"
244,1153832_40,"['<start>', 'Sägen', 'Drehen', 'Laserbeschriftung', '<end>']","[0, 2, 10, 9, 1]"
245,1153873_10,"['<start>', 'Drehen', 'Härten/Oberfläche', 'Flachschleifen', 'Rundschleifen', 'Senkerodieren', 'Flachschleifen', 'Messen', '<end>']","[0, 10, 4, 5, 11, 14, 5, 8, 1]"
246,1153873_20,"['<start>', 'Drehen', 'Härten/Oberfläche', 'Flachschleifen', 'Fräsen', 'Senkerodieren', 'Messen', '<end>']","[0, 10, 4, 5, 3, 14, 8, 1]"
247,1153940_10,"['<start>', 'Drehen', 'Härten/Oberfläche', 'Flachschleifen', 'Rundschleifen', 'Senkerodieren', 'Flachschleifen', 'Messen', '<end>']","[0, 10, 4, 5, 11, 14, 5, 8, 1]"
248,1153957_10,"['<start>', 'Drehen', 'Polieren', 'Fräsen', 'Härten/Oberfläche', '<end>']","[0, 10, 13, 3, 4, 1]"
249,1153957_20,"['<start>', 'Drehen', 'Polieren', 'Härten/Oberfläche', '<end>']","[0, 10, 13, 4, 1]"
250,1153974_10,"['<start>', 'Fremdvergabe', 'HSC-Fräsen', '<end>']","[0, 15, 7, 1]"
251,1154014_30,"['<start>', 'Sägen', 'Fräsen', 'Flachschleifen', 'Fräsen', 'Drahterodieren', 'Härten/Oberfläche', 'Messen', 'Laserbeschriftung', '<end>']","[0, 2, 3, 5, 3, 12, 4, 8, 9, 1]"
252,1154069_10,"['<start>', 'Sägen', 'Drehen', 'Fräsen', 'Flachschleifen', 'Rundschleifen', 'Härten/Oberfläche', 'Messen', 'Laserbeschriftung', '<end>']","[0, 2, 10, 3, 5, 11, 4, 8, 9, 1]"
253,1154069_20,"['<start>', 'Sägen', 'Drehen', 'Fräsen', 'Flachschleifen', 'Koordinatenschleifen', 'Härten/Oberfläche', 'Messen', 'Laserbeschriftung', '<end>']","[0, 2, 10, 3, 5, 6, 4, 8, 9, 1]"
254,1154069_30,"['<start>', 'Sägen', 'Drehen', 'Flachschleifen', 'Rundschleifen', 'Härten/Oberfläche', 'Messen', 'Laserbeschriftung', '<end>']","[0, 2, 10, 5, 11, 4, 8, 9, 1]"
